{
    "questions": [
 
        {
            "answerCardFront": "<img src='assets/images/question.jpg' />",
            "answerCardBack": "32 bit",
            "answerCardFlipped": false,
            "questionText": "Which characters in 'Friends' are siblings?",
            "answers": [
                {"answer": "Monica & Ross", "correct": true, "selected": false},
                {"answer": "Ross & Rachel", "correct": false, "selected": false},
                {"answer": "Joey & Phoebe", "correct": false, "selected": false},
                {"answer": "Phoebe & Chandler", "correct": false, "selected": false}
            ]
        },
        {
            "answerCardFront": "<img src='assets/images/question.jpg' />",
            "answerCardBack": "6",
            "answerCardFlipped": false,
            "questionText": "How many main characters are in 'Friends'?",
            "answers": [
                {"answer": "5", "correct": false, "selected": false},
                {"answer": "6", "correct": true, "selected": false},
                {"answer": "4", "correct": false, "selected": false},
                {"answer": "7", "correct": false, "selected": false}
            ]
        },
        {
            "answerCardFront": "<img src='assets/images/question.jpg' />",
            "answerCardBack": "10 Seasons",
            "answerCardFlipped": false,
            "questionText": "How many seasons are there?",
            "answers": [
                {"answer": "8 Seasons", "correct": false, "selected": false},
                {"answer": "9 Seasons", "correct": false, "selected": false},
                {"answer": "10 Seasons", "correct": true, "selected": false},
                {"answer": "11 Seasons", "correct": false, "selected": false}
            ]
        },
        {
            "answerCardFront": "<img src='assets/images/question.jpg' />",
            "answerCardBack": "Emma",
            "answerCardFlipped": false,
            "questionText": "What is the name of Ross & Rachels' child?",
            "answers": [
                {"answer": "LAura", "correct": false, "selected": false},
                {"answer": "Emily", "correct": false, "selected": false},
                {"answer": "Emma", "correct": true, "selected": false},
                {"answer": "Scarlett", "correct": false, "selected": false}
            ]
        },
        {
            "answerCardFront": "<img src='assets/images/question.jpg' />",
            "answerCardBack": "Chandler",
            "answerCardFlipped": false,
            "questionText": "Who did Monica marry?",
            "answers": [
                {"answer": "Richard", "correct": false, "selected": false},
                {"answer": "Joey", "correct": false, "selected": false},
                {"answer": "Chandler", "correct": true, "selected": false},
                {"answer": "Jack", "correct": false, "selected": false}
            ]
        }
 
    ]
}