{
    "questions": [
 
        {
            "answerCardFront": "<img src='assets/images/question.jpg' />",
            "answerCardBack": "'Ted'",
            "answerCardFlipped": false,
            "questionText": "Who tells the story to their kids in the show?",
            "answers": [
                {"answer": "Barney", "correct": false, "selected": false},
                {"answer": "Marchall", "correct": false, "selected": false},
                {"answer": "Ted", "correct": true, "selected": false},
                {"answer": "Lily", "correct": false, "selected": false}
            ]
        },
        {
            "answerCardFront": "<img src='assets/images/question.jpg' />",
            "answerCardBack": "9 Seasons",
            "answerCardFlipped": false,
            "questionText": "How many seasons are there in the show?",
            "answers": [
                {"answer": "9 Seasons", "correct": true, "selected": false},
                {"answer": "6 Seasons", "correct": false, "selected": false},
                {"answer": "10 Seasons", "correct": false, "selected": false},
                {"answer": "8 Seasons", "correct": false, "selected": false}
            ]
        },
        {
            "answerCardFront": "<img src='assets/images/question.jpg' />",
            "answerCardBack": "Robin & Lily",
            "answerCardFlipped": false,
            "questionText": "Who are the two girls in the group?",
            "answers": [
                {"answer": "Robin & Lily", "correct": true, "selected": false},
                {"answer": "Ruth & Betty", "correct": false, "selected": false},
                {"answer": "Janice & Frankie", "correct": false, "selected": false},
                {"answer": "None of these", "correct": false, "selected": false}
            ]
        },
        {
            "answerCardFront": "<img src='assets/images/question.jpg' />",
            "answerCardBack": "Robin",
            "answerCardFlipped": false,
            "questionText": "What is the name of the girl that Barney marries?",
            "answers": [
                {"answer": "Lily", "correct": false, "selected": false},
                {"answer": "Robin", "correct": true, "selected": false},
                {"answer": "Quinn", "correct": false, "selected": false},
                {"answer": "None of listed", "correct": false, "selected": false}
            ]
        },
        {
            "answerCardFront": "<img src='assets/images/question.jpg' />",
            "answerCardBack": "A Blue Horn",
            "answerCardFlipped": false,
            "questionText": "What did Ted steal from the restaurant for Robin?",
            "answers": [
                {"answer": "A Blue Horn", "correct": true, "selected": false},
                {"answer": "A Blue Whistle", "correct": false, "selected": false},
                {"answer": "A Blue Tuba", "correct": false, "selected": false},
                {"answer": "None Of The Above", "correct": false, "selected": false}
            ]
        }
 
    ]
}