{
    "questions": [
 
        {
            "answerCardFront": "<img src='assets/images/question.jpg' />",
            "answerCardBack": "'6 Seasons'",
            "answerCardFlipped": false,
            "questionText": "How many seasons are there currently?",
            "answers": [
                {"answer": "7 Seasons", "correct": false, "selected": false},
                {"answer": "8 Seasons", "correct": false, "selected": false},
                {"answer": "6 Seasons", "correct": true, "selected": false},
                {"answer": "5 Seasons", "correct": false, "selected": false}
            ]
        },
        {
            "answerCardFront": "<img src='assets/images/question.jpg' />",
            "answerCardBack": "'Piper'",
            "answerCardFlipped": false,
            "questionText": "Who is the main character?",
            "answers": [
                {"answer": "Red", "correct": false, "selected": false},
                {"answer": "Piper", "correct": true, "selected": false},
                {"answer": "Nicky", "correct": false, "selected": false},
                {"answer": "Vause", "correct": false, "selected": false}
            ]
        },
        {
            "answerCardFront": "<img src='assets/images/question.jpg' />",
            "answerCardBack": "'Red'",
            "answerCardFlipped": false,
            "questionText": "Who runs the kitchen in the first season of the show?",
            "answers": [
                {"answer": "Nicky", "correct": false, "selected": false},
                {"answer": "Vause", "correct": false, "selected": false},
                {"answer": "Red", "correct": true, "selected": false},
                {"answer": "Lorna", "correct": false, "selected": false}
            ]
        },
        {
            "answerCardFront": "<img src='assets/images/question.jpg' />",
            "answerCardBack": "'Larry'",
            "answerCardFlipped": false,
            "questionText": "Who is Piper engaged to at the start of the show?",
            "answers": [
                {"answer": "Ricky", "correct": false, "selected": false},
                {"answer": "Jason", "correct": false, "selected": false},
                {"answer": "James", "correct": false, "selected": false},
                {"answer": "Larry", "correct": true, "selected": false}
            ]
        },
        {
            "answerCardFront": "<img src='assets/images/question.jpg' />",
            "answerCardBack": "Litchfield",
            "answerCardFlipped": false,
            "questionText": "What is te name of the prion in the show?",
            "answers": [
                {"answer": "Overlook Penitentiary", "correct": false, "selected": false},
                {"answer": "Litchfield", "correct": true, "selected": false},
                {"answer": "Pavelock Prison", "correct": false, "selected": false},
                {"answer": "Penitenciaría Federal de Sona", "correct": false, "selected": false}
            ]
        }
 
    ]
}