{
    "questions": [
 
        {
            "answerCardFront": "<img src='assets/images/question.jpg' />",
            "answerCardBack": "9 Seasons",
            "answerCardFlipped": false,
            "questionText": "How many seasons of the how are there?",
            "answers": [
                {"answer": "9 Seasons", "correct": true, "selected": false},
                {"answer": "10 Seasons", "correct": false, "selected": false},
                {"answer": "6 Seasons", "correct": false, "selected": false},
                {"answer": "8 Seasons", "correct": false, "selected": false}
            ]
        },
        {
            "answerCardFront": "<img src='assets/images/question.jpg' />",
            "answerCardBack": "Negan",
            "answerCardFlipped": false,
            "questionText": "Who shot Carl in the eye?",
            "answers": [
                {"answer": "Carol", "correct": false, "selected": false},
                {"answer": "Negan", "correct": true, "selected": false},
                {"answer": "Sean", "correct": false, "selected": false},
                {"answer": "Rick", "correct": false, "selected": false}
            ]
        },
        {
            "answerCardFront": "<img src='assets/images/question.jpg' />",
            "answerCardBack": "Daryl",
            "answerCardFlipped": false,
            "questionText": "Who gives Beth her first drink of alcohol?",
            "answers": [
                {"answer": "Rick", "correct": false, "selected": false},
                {"answer": "Sean", "correct": false, "selected": false},
                {"answer": "Daryl", "correct": true, "selected": false},
                {"answer": "Abraham", "correct": false, "selected": false}
            ]
        },
        {
            "answerCardFront": "<img src='assets/images/question.jpg' />",
            "answerCardBack": "his wife",
            "answerCardFlipped": false,
            "questionText": "Negan's bat is named after: ",
            "answers": [
                {"answer": "his sister", "correct": false, "selected": false},
                {"answer": "his niece", "correct": false, "selected": false},
                {"answer": "his wife", "correct": true, "selected": false},
                {"answer": "his daughter", "correct": false, "selected": false}
            ]
        },
        {
            "answerCardFront": "<img src='assets/images/question.jpg' />",
            "answerCardBack": "Judith",
            "answerCardFlipped": false,
            "questionText": "What is the name of Ricks' daughter?",
            "answers": [
                {"answer": "Lorraine", "correct": false, "selected": false},
                {"answer": "Genevive", "correct": false, "selected": false},
                {"answer": "Judith", "correct": true, "selected": false},
                {"answer": "Laura", "correct": false, "selected": false}
            ]
        }
 
    ]
}