{
    "questions": [
 
        {
            "answerCardFront": "<img src='assets/images/question.jpg' />",
            "answerCardBack": "1 Season",
            "answerCardFlipped": false,
            "questionText": "How many seasons of the show are there",
            "answers": [
                {"answer": "1 Season", "correct": true, "selected": false},
                {"answer": "2 Season", "correct": false, "selected": false},
                {"answer": "3 Season", "correct": false, "selected": false},
                {"answer": "None of these", "correct": false, "selected": false}
            ]
        },
        {
            "answerCardFront": "<img src='assets/images/question.jpg' />",
            "answerCardBack": "2019",
            "answerCardFlipped": false,
            "questionText": "What year did the show first air in?",
            "answers": [
                {"answer": "2018", "correct": false, "selected": false},
                {"answer": "2019", "correct": true, "selected": false},
                {"answer": "2017", "correct": false, "selected": false},
                {"answer": "2016", "correct": false, "selected": false}
            ]
        },
        {
            "answerCardFront": "<img src='assets/images/question.jpg' />",
            "answerCardBack": "'Ellen Page'",
            "answerCardFlipped": false,
            "questionText": "Who plays Vanya?",
            "answers": [
                {"answer": "Natalie Portman", "correct": false, "selected": false},
                {"answer": "Sarah Hyland", "correct": false, "selected": false},
                {"answer": "Ellen Page", "correct": true, "selected": false},
                {"answer": "Kiera Knightly", "correct": false, "selected": false}
            ]
        },
        {
            "answerCardFront": "<img src='assets/images/question.jpg' />",
            "answerCardBack": "'Number 5'",
            "answerCardFlipped": false,
            "questionText": "Which of the characters travels back in time to save the planet?",
            "answers": [
                {"answer": "Number 4", "correct": false, "selected": false},
                {"answer": "Number 3", "correct": false, "selected": false},
                {"answer": "Number 5", "correct": true, "selected": false},
                {"answer": "Number 5", "correct": false, "selected": false}
            ]
        },
        {
            "answerCardFront": "<img src='assets/images/question.jpg' />",
            "answerCardBack": "'strcmp()'",
            "answerCardFlipped": false,
            "questionText": "Who destroys the world?",
            "answers": [
                {"answer": "Number 5", "correct": false, "selected": false},
                {"answer": "Luther", "correct": false, "selected": false},
                {"answer": "Vanya", "correct": true, "selected": false},
                {"answer": "Diego", "correct": false, "selected": false}
            ]
        }
 
    ]
}